{
    "5": {
        "a": 2.666139737800694,
        "b": 0.7983909088361276,
        "c": 1.1110050797459612,
        "d": 0.9395661173101545,
        "e": 2.177383006036795,
        "f": 0.524326960991265,
        "g": 0.7323294567803701,
        "h": 0.752445609157393,
        "i": 1.8937245533547618,
        "j": 0.3778345479823218,
        "k": 0.5900744180468861,
        "l": 1.392756040620288,
        "m": 1.0233649387192973,
        "n": 1.470819859733589,
        "\u00f1": 0.10993232416953255,
        "o": 1.8720615276615138,
        "p": 0.7973906688646231,
        "q": 0.12087178572642447,
        "r": 1.652194975037789,
        "s": 1.585829820703209,
        "t": 1.2438154639393277,
        "u": 1.2579753419029074,
        "v": 0.4870652741196262,
        "w": 0.21914235522026262,
        "x": 0.22996182561519501,
        "y": 0.6336666462869587,
        "z": 0.4666827438816035
    }
}