{
    "8": {
        "a": 4.389537656053369,
        "b": 1.116569367971003,
        "c": 1.9614882686921145,
        "d": 1.6047656364354714,
        "e": 3.596182530408197,
        "f": 0.6236991475607518,
        "g": 1.097471863243896,
        "h": 0.9517506296462992,
        "i": 3.040878480658405,
        "j": 0.38242882035643605,
        "k": 0.47796353922597545,
        "l": 2.2926054317725586,
        "m": 1.5152217033422082,
        "n": 2.625236068612682,
        "\u00f1": 0.15351844126440722,
        "o": 3.0001408624685038,
        "p": 1.1325816661025052,
        "q": 0.24650804605296456,
        "r": 3.1264670691178615,
        "s": 2.5863531384229836,
        "t": 2.2209002802449627,
        "u": 1.6679561787931052,
        "v": 0.7197690202459055,
        "w": 0.2017373857532956,
        "x": 0.20689339519389763,
        "y": 0.41459494160129856,
        "z": 0.5278414136218585
    }
}