{
    "17": {
        "a": 4.948819350353304,
        "b": 1.0532058376624063,
        "c": 4.216312168119195,
        "d": 2.8948566375213747,
        "e": 5.347830022115827,
        "f": 0.7334197137721568,
        "g": 0.47988941766414317,
        "h": 0.22432696034508803,
        "i": 5.608658220811544,
        "j": 0.0,
        "k": 0.0,
        "l": 2.995331207352459,
        "m": 3.0132399403679253,
        "n": 5.231739997737516,
        "\u00f1": 0.0,
        "o": 4.6637249733070725,
        "p": 1.9860067499956264,
        "q": 0.0,
        "r": 3.8235297705242663,
        "s": 3.7432838847996486,
        "t": 3.9365928661265635,
        "u": 1.6804697858979694,
        "v": 1.0761876399214896,
        "w": 0.0,
        "x": 0.3509589601904051,
        "y": 0.0,
        "z": 0.959519099808447
    }
}