{
    "2": {
        "a": 0.6071677611478802,
        "b": 0.4184303659572114,
        "c": 0.4353812049461454,
        "d": 0.4515164885970079,
        "e": 0.5970696696261794,
        "f": 0.4402799416799628,
        "g": 0.42434988869394374,
        "h": 0.4187467346496502,
        "i": 0.5916003963365124,
        "j": 0.4184303659572114,
        "k": 0.4014296735444336,
        "l": 0.47447347698730735,
        "m": 0.4461908346317602,
        "n": 0.47447347698730735,
        "\u00f1": 0.14319620738603708,
        "o": 0.5671775758417752,
        "p": 0.43574116533659,
        "q": 0.3279546072938929,
        "r": 0.41893620703900836,
        "s": 0.4849562135096873,
        "t": 0.4456077599404946,
        "u": 0.5412708433918988,
        "v": 0.42434988869394374,
        "w": 0.33447933450395306,
        "x": 0.35844073904636753,
        "y": 0.39570339257720366,
        "z": 0.35349221832301564
    },
    "3": {
        "a": 1.1297793995044207,
        "b": 0.7090405112918854,
        "c": 0.8782017948144242,
        "d": 0.7621376201566302,
        "e": 0.9976255200298751,
        "f": 0.6675335286445823,
        "g": 0.6578114577741416,
        "h": 0.6046811224987623,
        "i": 0.9778665088283245,
        "j": 0.37029939302481496,
        "k": 0.4258945545139433,
        "l": 0.7266675686405764,
        "m": 0.8184643418762854,
        "n": 0.7346756179486887,
        "\u00f1": 0.0517838933505204,
        "o": 0.9122479800916652,
        "p": 0.8465882354249448,
        "q": 0.17083478856632697,
        "r": 0.8003126142626728,
        "s": 0.9035847593369467,
        "t": 0.8085991660952538,
        "u": 0.8401001190104993,
        "v": 0.5586673667128412,
        "w": 0.3415814508822661,
        "x": 0.315513564598811,
        "y": 0.4190677539579116,
        "z": 0.3335486175477067
    },
    "4": {
        "a": 2.0292432730163563,
        "b": 0.6870915307961365,
        "c": 1.0546514004719336,
        "d": 0.8597644618100044,
        "e": 1.6581655452680863,
        "f": 0.5938817985112924,
        "g": 0.6322410382560314,
        "h": 0.6303071243622582,
        "i": 1.5510712895907022,
        "j": 0.37697930684792247,
        "k": 0.5070306802737381,
        "l": 1.0306959003005773,
        "m": 0.8887966785041689,
        "n": 1.0472239080622414,
        "\u00f1": 0.10330177042344442,
        "o": 1.501482088884487,
        "p": 0.8751997373773995,
        "q": 0.10699164485426549,
        "r": 1.140779075146614,
        "s": 1.2719691349747697,
        "t": 0.9801715426146467,
        "u": 1.1256530561365974,
        "v": 0.4534266155072131,
        "w": 0.24067365956793885,
        "x": 0.22781188730090932,
        "y": 0.5452484447128789,
        "z": 0.39526937084237695
    },
    "5": {
        "a": 2.666139737800694,
        "b": 0.7983909088361277,
        "c": 1.111005079745961,
        "d": 0.9395661173101545,
        "e": 2.1773830060367954,
        "f": 0.5243269609912651,
        "g": 0.7323294567803701,
        "h": 0.752445609157393,
        "i": 1.8937245533547618,
        "j": 0.3778345479823218,
        "k": 0.5900744180468862,
        "l": 1.392756040620288,
        "m": 1.0233649387192973,
        "n": 1.4708198597335889,
        "\u00f1": 0.10993232416953257,
        "o": 1.8720615276615142,
        "p": 0.7973906688646231,
        "q": 0.12087178572642447,
        "r": 1.652194975037789,
        "s": 1.5858298207032093,
        "t": 1.2438154639393277,
        "u": 1.2579753419029074,
        "v": 0.48706527411962625,
        "w": 0.21914235522026262,
        "x": 0.22996182561519501,
        "y": 0.6336666462869587,
        "z": 0.4666827438816035
    },
    "6": {
        "a": 3.2477518007659616,
        "b": 0.9100310677502798,
        "c": 1.3554969101344843,
        "d": 1.0959633168523997,
        "e": 2.682456910177521,
        "f": 0.5131947596393251,
        "g": 0.8541496290202015,
        "h": 0.8546805373015183,
        "i": 2.232096198052245,
        "j": 0.39299380659108635,
        "k": 0.5751438146941316,
        "l": 1.755602269723396,
        "m": 1.2088328930399455,
        "n": 1.8635486194086701,
        "\u00f1": 0.12980284317468552,
        "o": 2.2228442277384315,
        "p": 0.8721516926954027,
        "q": 0.1569529340352844,
        "r": 2.1893288641560025,
        "s": 1.891072987327469,
        "t": 1.5798241456965938,
        "u": 1.4141324552166794,
        "v": 0.5606516561809166,
        "w": 0.21610676803370685,
        "x": 0.19883020058005704,
        "y": 0.5617174763441118,
        "z": 0.483459788396126
    },
    "7": {
        "a": 3.817067663818328,
        "b": 1.0201665967431603,
        "c": 1.6564400315095038,
        "d": 1.3431841174798813,
        "e": 3.1557654347191146,
        "f": 0.548332483425642,
        "g": 0.9969895055834297,
        "h": 0.9136583775272773,
        "i": 2.631801212038745,
        "j": 0.38919563839692,
        "k": 0.5000770532986154,
        "l": 2.045146261201418,
        "m": 1.3665717883849942,
        "n": 2.235371187739826,
        "\u00f1": 0.1528210363203898,
        "o": 2.617701313550939,
        "p": 0.9794804196954041,
        "q": 0.20478357350137033,
        "r": 2.6603618769318675,
        "s": 2.23052276241815,
        "t": 1.8930291211830346,
        "u": 1.536344417676514,
        "v": 0.6412271196720601,
        "w": 0.2143586367561623,
        "x": 0.20088011309064982,
        "y": 0.4744536731875833,
        "z": 0.5147480436576194
    },
    "8": {
        "a": 4.389537656053369,
        "b": 1.1165693679710027,
        "c": 1.9614882686921142,
        "d": 1.6047656364354712,
        "e": 3.5961825304081962,
        "f": 0.6236991475607518,
        "g": 1.097471863243896,
        "h": 0.9517506296462992,
        "i": 3.040878480658405,
        "j": 0.3824288203564362,
        "k": 0.47796353922597556,
        "l": 2.292605431772558,
        "m": 1.5152217033422084,
        "n": 2.6252360686126814,
        "\u00f1": 0.15351844126440722,
        "o": 3.0001408624685038,
        "p": 1.132581666102505,
        "q": 0.24650804605296453,
        "r": 3.126467069117861,
        "s": 2.5863531384229836,
        "t": 2.2209002802449627,
        "u": 1.6679561787931054,
        "v": 0.7197690202459053,
        "w": 0.2017373857532956,
        "x": 0.2068933951938976,
        "y": 0.41459494160129867,
        "z": 0.5278414136218585
    },
    "9": {
        "a": 4.928602604765022,
        "b": 1.2047710394973592,
        "c": 2.265185444613974,
        "d": 1.8977187395160213,
        "e": 4.0942819741225565,
        "f": 0.6891061996052099,
        "g": 1.1674974751226266,
        "h": 0.9687879707659454,
        "i": 3.4698905767144317,
        "j": 0.38522726772779853,
        "k": 0.40726873759736576,
        "l": 2.497639471246442,
        "m": 1.7355758121136415,
        "n": 2.9874125554523627,
        "\u00f1": 0.16663631862574413,
        "o": 3.3970847058714164,
        "p": 1.2697435139597775,
        "q": 0.28683502775088976,
        "r": 3.5597199694929835,
        "s": 2.9499973925703613,
        "t": 2.5427262013632355,
        "u": 1.7632064019667975,
        "v": 0.779653758295679,
        "w": 0.1706311431667311,
        "x": 0.2166425064928049,
        "y": 0.34998672193046576,
        "z": 0.5353092220797062
    },
    "10": {
        "a": 5.026547344453825,
        "b": 1.1111084656148598,
        "c": 2.8431456849825985,
        "d": 2.550278512773676,
        "e": 4.485203197161836,
        "f": 0.7371927618241835,
        "g": 0.9963944028591618,
        "h": 0.40610652605434294,
        "i": 3.9886052077129075,
        "j": 0.26625130614986076,
        "k": 0.039957935938464716,
        "l": 2.2750815593336657,
        "m": 1.7725979518047685,
        "n": 3.531205451244469,
        "\u00f1": 0.08160973943568252,
        "o": 3.761602272908373,
        "p": 1.4215722755919469,
        "q": 0.25130771399781054,
        "r": 3.938482860468621,
        "s": 3.242612176766724,