{
    "10": {
        "a": 5.026547344453825,
        "b": 1.1111084656148598,
        "c": 2.8431456849825985,
        "d": 2.550278512773676,
        "e": 4.485203197161836,
        "f": 0.7371927618241835,
        "g": 0.9963944028591618,
        "h": 0.40610652605434294,
        "i": 3.9886052077129075,
        "j": 0.26625130614986076,
        "k": 0.039957935938464716,
        "l": 2.2750815593336657,
        "m": 1.7725979518047685,
        "n": 3.531205451244469,
        "\u00f1": 0.08160973943568252,
        "o": 3.761602272908373,
        "p": 1.4215722755919469,
        "q": 0.25130771399781054,
        "r": 3.938482860468621,
        "s": 3.242612176766724,
        "t": 2.7962512796973957,
        "u": 1.6739311058471391,
        "v": 0.8797450014620314,
        "w": 0.025676706527878165,
        "x": 0.21608439529953544,
        "y": 0.12423509707456508,
        "z": 0.3946659626898701
    },
    "11": {
        "a": 5.265490157934877,
        "b": 1.117800233790008,
        "c": 3.3332091114633573,
        "d": 2.710923869377861,
        "e": 4.742408452406641,
        "f": 0.8740279180441746,
        "g": 1.0113368376449714,
        "h": 0.3600718842115528,
        "i": 4.60115081325158,
        "j": 0.17829318547842826,
        "k": 0.032051222714858094,
        "l": 2.325781946573774,
        "m": 1.8980862797634879,
        "n": 4.034204174026917,
        "\u00f1": 0.08994659753420292,
        "o": 4.267707374792571,
        "p": 1.6230854226551699,
        "q": 0.24612481921627669,
        "r": 4.129805694335999,
        "s": 3.572472887596062,
        "t": 3.2314869917396876,
        "u": 1.7495584068263181,
        "v": 0.9909565821451248,
        "w": 0.00590363364474487,
        "x": 0.19686981052874558,
        "y": 0.10158536086882512,
        "z": 0.390850537334252
    },
    "12": {
        "a": 5.44452250135356,
        "b": 1.0738552755726896,
        "c": 3.7851823485940415,
        "d": 2.7448584868074186,
        "e": 5.231284182763146,
        "f": 0.9456345073879914,
        "g": 1.0449126248059153,
        "h": 0.4063775797154362,
        "i": 5.131734876368431,
        "j": 0.20481998554517805,
        "k": 0.02542187008330828,
        "l": 2.4442792190195397,
        "m": 2.1931133305644113,
        "n": 4.398949476621661,
        "\u00f1": 0.0810026460528388,
        "o": 4.555491709261221,
        "p": 1.7494706152543384,
        "q": 0.25759662569803704,
        "r": 4.422228938254068,
        "s": 3.688060471926477,
        "t": 3.550628418177184,
        "u": 1.7628236783589872,
        "v": 0.9871246202407393,
        "w": 0.010169438960221818,
        "x": 0.2175609688259443,
        "y": 0.09502426740352378,
        "z": 0.4661479816391538
    },
    "13": {
        "a": 5.598206122251095,
        "b": 1.1802454335393304,
        "c": 4.034406218032799,
        "d": 2.8143232080466447,
        "e": 5.654709096814122,
        "f": 1.0658808474889319,
        "g": 0.9360493143465222,
        "h": 0.24619838567098776,
        "i": 5.5819136738950155,
        "j": 0.13161590831088554,
        "k": 0.014785145196399337,
        "l": 2.514925410563818,
        "m": 2.5351784837431017,
        "n": 4.805728470534789,
        "\u00f1": 0.03763134931496846,
        "o": 4.798958870567932,
        "p": 1.975098130335848,
        "q": 0.20615293089442777,
        "r": 4.440056056462481,
        "s": 3.9533633272630793,
        "t": 3.9758852345673694,
        "u": 1.7864998747603238,
        "v": 0.945041238317573,
        "w": 0.016131946543200684,
        "x": 0.21050543830486468,
        "y": 0.0725316112395538,
        "z": 0.47862145651006366
    }
}